player_id,player_name,year,team_id,run_value,run_value_fielding,run_value_range,run_value_arm,run_value_catching,run_value_framing,run_value_stealing,run_value_blocks,outs,outs_2,outs_3,outs_4,outs_5,outs_6,outs_7,outs_8,outs_9
521692,"Perez, Salvador",2024,118,2.786164414,3.252027286,3.252027286,,-0.465862871,-0.4046077,0.42435447,-0.485609641,3472,2295,1177,0,0,0,0,0,0
672275,"Bailey, Patrick",2024,137,21.5549221,,,,21.5549221,16.14286166,5.747591111,-0.335530673,2724,2724,0,0,0,0,0,0,0
547180,"Harper, Bryce",2024,143,5.46786307,5.46786307,5.46786307,,0,,,,3700,0,3700,0,0,0,0,0,0
676391,"Clement, Ernie",2024,141,5.236862209,5.236862209,5.427103549,-0.19024134,0,,,,2995,0,0,63,1983,943,6,0,0
605170,"Caratini, Victor",2024,117,5.17312258,0.184950874,0.184950874,,4.988171706,2.988460324,1.108805052,0.89090633,1668,1440,228,0,0,0,0,0,0
663993,"Lowe, Nathaniel",2024,140,4.958813524,4.958813524,4.958813524,,0,,,,3581,0,3581,0,0,0,0,0,0
665506,"Pache, Cristian",2024,146,4.812034146,4.812034146,4.25088,0.561154146,0,,,,1355,0,0,0,0,0,330,1007,18
621028,"Newman, Kevin",2024,109,4.68832647,4.68832647,4.68832647,,0,,,,2263,0,66,854,50,1284,9,0,0